<lxs>
    <scene root="demoRoot" axis_length="5"/>

    <views default="defaultCamera">
        <perspective id="defaultCamera" near="0.1" far="500" angle="45">
            <from x="5" y="5" z="5" />
            <to x="0" y="0" z="0" />
        </perspective>
    </views>

    <globals>
        <ambient r="0.2" g="0.2" b="0.2" a="1.0" />
        <background r="0.0" g="0.0" b="0.0" a="1.0" />
    </globals>

    <lights>
        <omni id="demoLight" enabled="1">
            <location x="9.8" y="11.9" z="10" w="1.0" />
            <ambient r="0" g="0" b="0" a="1.0" />
            <diffuse r="1.0" g="1.0" b="1.0" a="1.0" />
            <specular r="1.0" g="1.0" b="1.0" a="1.0" />
        </omni>
    </lights>

    <textures>
        <texture id="demoTexture" file="scenes/images/parking-lot.jpg" />
    </textures>

    <materials>
        <material id="demoMaterial" shininess="10">
            <emission r="0.0" g="0.0" b="0.0" a="1.0" />
            <ambient r="1.0" g="1.0" b="1.0" a="1.0" />
            <diffuse r="1.0" g="1.0" b="1.0" a="1.0" />
            <specular r="1.0" g="1.0" b="1.0" a="1.0" />
        </material>
        <material id="person" shininess="10">
            <emission r="0" g="0.0" b="0.0" a="1.0" />
            <ambient r="0.6" g="0.2" b="0.1" a="1.0" />
            <diffuse r="0.6" g="0.2" b="0.1" a="1.0" />
            <specular r="0.6" g="0.2" b="0.1" a="1.0" />
        </material>
    </materials>

    <transformations>
        <!-- Table transformations -->
        <transformation id="TableXY">
            <translate x="0.5" y="0.5" z="0" />
        </transformation>
        <transformation id="TableCover">
                <translate x="0" y="-0.8" z="1.1" />
                <rotate axis="z" angle="45" />
        </transformation>

        <!-- CHAIR transformations -->
        <transformation id="ChairBack">
            <translate x="-0.248" y="-0.248" z="0.66" />
            <rotate axis="z" angle="45" />
            <rotate axis="x" angle="45" />
            <rotate axis="y" angle="90" />
        </transformation>
        <transformation id="ChairBackSupportCover">
            <translate x="0" y="-0.45" z="0.07" />
            <rotate axis="z" angle="45" />
        </transformation>

        <!-- BAR transformations -->
        <transformation id="BarCounterTopCover">
            <translate x="0" y="-1" z="0.3" />
            <rotate axis="z" angle="45" />
        </transformation>
        <transformation id="BarTransf">
            <translate x="0.98" y="0" z="0" />
        </transformation>
        <transformation id="BarChairBackSupport">
            <translate x="-1.1" y="-1.1" z="1.5" />
            <rotate axis="z" angle="45" />
            <rotate axis="x" angle="45" />
            <rotate axis="y" angle="90" />
        </transformation>
    </transformations>

    <animations>
        <animation id="demoAnim" >
            <keyframe instant="20">
                <translate x="0" y="0" z="-50" />
                <rotate angle_x="0" angle_y="0" angle_z="0" />
                <scale x="0.1" y="0.1" z="0.1" />
            </keyframe>
        </animation>               
    </animations>

    <primitives>
        <primitive id="demoRectangle">
            <rectangle x1="0" y1="0" x2="40" y2="3" />
        </primitive>
        <primitive id="demoTriangle">
            <triangle   x1="0" y1="3" z1="0"
                        x2="-3" y2="0" z2="0"
                        x3="3" y3="0" z3="0" />        
        </primitive>
        <primitive id="demoSphere">
            <sphere radius="2" slices="21" stacks="5" />        
        </primitive>
        <primitive id="demoTorus">
            <torus inner="2" outer="4" slices="5" loops="11" />
        </primitive>
        <primitive id="demoCylinder">
            <cylinder base="2" top="1" height="1" slices="10" stacks="2" />
        </primitive>
        <primitive id="demoPlane">
           <plane npartsU="2" npartsV="2" />
        </primitive>
        <primitive id="demoPatch">
            <patch npointsU="20" npointsV="20" npartsU="2" npartsV="3" >
                <controlpoint xx="-2" yy="-2" zz="1.0" />
                <controlpoint xx="-2" yy="-1" zz="-2.0" />
                <controlpoint xx="-2" yy="1" zz="5.0" />
                <controlpoint xx="-2" yy="2" zz="-1.0" />

                <controlpoint xx="0" yy="-2" zz="0.0" />
                <controlpoint xx="0" yy="-1" zz="-1.0" />
                <controlpoint xx="0" yy="1" zz="1.5" />
                <controlpoint xx="0" yy="2" zz="0.0" />

                <controlpoint xx="2" yy="-2" zz="-1.0" />
                <controlpoint xx="2" yy="-1" zz="2.0" />
                <controlpoint xx="2" yy="1" zz="-5.0" />
                <controlpoint xx="2" yy="2" zz="1.0" />
            </patch>
        </primitive>
        <primitive id="demoCylinder2">
            <cylinder2 base="2" top="1" height="1" slices="5" stacks="2" />
        </primitive> 
         <!-- TABLE -->
         <primitive id="TableLeg">
            <cylinder2 base="0.1" top="0.1" height="1" slices="10" stacks="1" />
        </primitive>
        <primitive id="TableSupport">
            <cylinder2 base="0.5" top="0.1" height="0.2" slices="2" stacks="1" />
        </primitive>
        <primitive id="TableTop">
            <cylinder2 base="0.8" top="0.8" height="0.1" slices="2" stacks="1" />
        </primitive>
        <primitive id="TableCover">
            <rectangle x1="0" y1="0" x2="1.13" y2="1.13" />
        </primitive>
        <primitive id="Plate">
            <sphere radius="0.2" slices="40" stacks="40" />
        </primitive>
        <primitive id="Napkin">
            <triangle  x1="0" y1="0" z1="0"
                        x2="0" y2="0.25" z2="0"
                        x3="0" y3="0" z3="0.25" 
            />  
        </primitive>
        <primitive id="Donut">
            <torus inner="0.025" outer="0.05" slices="20" loops="40" />
        </primitive>

        <!-- PERSON -->
        <primitive id="FaceCube">
            <cylinder2 base="0.5" top="0.5" height="0.5" slices="2" stacks="2" />
        </primitive>
        <primitive id="FaceCover">
            <rectangle x1="0" y1="0" x2="0.71" y2="0.71" />
        </primitive>
        <primitive id="Body">
            <cylinder2 base="0.3" top="0.3" height="0.5" slices="2" stacks="2" />
        </primitive>
        <primitive id="Arm">
            <cylinder2 base="0.2" top="0.2" height="0.5" slices="2" stacks="2" />
        </primitive>

    <!-- CHAIR -->
        <primitive id="ChairLeg1">
            <cylinder2 base="0.05" top="0.05" height="0.5" slices="2" stacks="1" />
        </primitive>
        <primitive id="ChairLeg2">
            <cylinder2 base="0.05" top="0.05" height="0.85" slices="2" stacks="1" />
        </primitive>
        <primitive id="ChairBackSupport">
            <cylinder2 base="0.45" top="0.45" height="0.07" slices="2" stacks="1" />
        </primitive>
        <primitive id="ChairBackSupportCover">
            <rectangle x1="0" y1="0" x2="0.64" y2="0.64" />
        </primitive>
        <primitive id="ChairBase">
            <cylinder base="0.4" top="0.4" height="0.2" slices="2" stacks="1" />
        </primitive>
        <primitive id="ChairBaseCover">
            <rectangle x1="0" y1="0" x2="0.57" y2="0.57" />
        </primitive>
    </primitives>

    <components>

        <!-- PERSON -->
        <component id="FaceCube">
            <transformation>
                <rotate axis="z" angle="45" />
                <rotate axis="x" angle="45" />
                <rotate axis="y" angle="90" />
            </transformation>
            <materials>
                <material id="inherit" />
            </materials>
            <texture id="none"/>
            <children>
                <primitiveref id="FaceCube" />
            </children>
        </component>
        <component id="FaceCover1">
            <transformation>
                <translate x="-0.25" y="0.25" z="-0.355" />
                <rotate axis="z" angle="-45" />
                <rotate axis="y" angle="45" />
                <rotate axis="x" angle="90" />
                <rotate axis="z" angle="45" />
            </transformation>
            <materials>
                <material id="inherit" />
            </materials>
            <texture id="none"/>
            <children>
                <primitiveref id="FaceCover" />
            </children>
        </component>
        <component id="FaceCover2">
            <transformation>
                <translate x="0.355" y="0.355" z="0" />
            </transformation>
            <materials>
                <material id="inherit" />
            </materials>
            <texture id="none"/>
            <children>
                <componentref id="FaceCover1" />
            </children>
        </component>
        <component id="Face">
            <transformation>
                <scale x="0.7" y="0.7" z="0.7" />
                <translate x="-0.25" y="-0.25" z="2.5" />
            </transformation>
            <materials>
                <material id="inherit" />
            </materials>
            <texture id="none"/>
            <children>
                <componentref id="FaceCube" />
                <componentref id="FaceCover1" />
                <componentref id="FaceCover2" />
            </children>
        </component>
        <component id="Body1">
            <transformation>
                <scale x="0.8" y="0.8" z="1.6" />
                <translate x="0" y="0" z="-1.05" />
            </transformation>
            <materials>
                <material id="inherit" />
            </materials>
            <texture id="none"/>
            <children>
                <componentref id="Face" />
            </children>
        </component>
        <component id="Body2Box">
            <transformation>
                <translate x="-0.25" y="-0.25" z="0" />
            </transformation>
            <materials>
                <material id="inherit" />
            </materials>
            <texture id="none"/>
            <children>
                <primitiveref id="FaceCube" />
            </children>
        </component>
        <component id="Body2Cover1">
            <transformation>
                <translate x="-0.25" y="-0.75" z="0" />
                <rotate axis="z" angle="45" />
            </transformation>
            <materials>
                <material id="inherit" />
            </materials>
            <texture id="none"/>
            <children>
                <primitiveref id="FaceCover" />
            </children>
        </component>
        <component id="Body2Cover2">
            <transformation>
                <translate x="0" y="0" z="0.5" />
            </transformation>
            <materials>
                <material id="inherit" />
            </materials>
            <texture id="none"/>
            <children>
                <componentref id="Body2Cover1" />
            </children>
        </component>
        <component id="Body2">
            <transformation>
                <translate x="0.3" y="0.3" z="0.71" />
                <scale x="0.7" y="0.7" z="0.2" />
            </transformation>
            <materials>
                <material id="inherit" />
            </materials>
            <texture id="none"/>
            <children>
                <componentref id="Body2Cover1" />
                <componentref id="Body2Cover2" />
                <componentref id="Body2Box" />
            </children>
        </component>
        <component id="LegLeft">
            <transformation>
                <translate x="-0.2" y="0.2" z="0" />
            </transformation>
            <materials>
                <material id="inherit" />
            </materials>
            <texture id="none"/>
            <children>
                <componentref id="LegRight" />
            </children>
        </component>
        <component id="LegRight">
            <transformation>
                <scale x="0.3" y="0.3" z="1.5" />
                <translate x="1.2" y="0.5" z="-1.5" />
            </transformation>
            <materials>
                <material id="inherit" />
            </materials>
            <texture id="none"/>
            <children>
                <componentref id="Face" />
            </children>
        </component>
        <component id="ArmLeft">
            <transformation>
                <translate x="-0.25" y="0.1" z="1.35" />
                <scale x="1.5" y="1.5" z="1" />
                <rotate axis="z" angle="45" />
                <rotate axis="x" angle="45" />
                <rotate axis="y" angle="90" />
            </transformation>
            <materials>
                <material id="person" />
            </materials>
            <texture id="none"/>
            <children>
                <primitiveref id="ChairLeg1" />
            </children>
        </component>
        <component id="ArmRight">
            <transformation>
                <translate x="0.3" y="-0.39" z="0" />
            </transformation>
            <materials>
                <material id="person" />
            </materials>
            <texture id="none"/>
            <children>
                <componentref id="ArmLeft" />
            </children>
        </component>
        <component id="Person1">
            <transformation>
            </transformation>
            <materials>
                <material id="person" />
            </materials>
            <texture id="none"/>
            <children>
                <componentref id="Face" />
                <componentref id="Body1" />
                <componentref id="Body2" />
                <componentref id="ArmLeft" />
                <componentref id="ArmRight" />
                <componentref id="LegLeft" />
                <componentref id="LegRight" />
            </children>
        </component>


        <!-- CHAIR -->
        <component id="ChairLeg1.1">
            <transformation>
                <translate x="0.3" y="0" z="-0.5" />
            </transformation>
            <materials>
                <material id="person" />
            </materials>
            <texture id="none"/>
            <children>
                <primitiveref id="ChairLeg1" />
            </children>
        </component>
        <component id="ChairLeg1.2">
            <transformation>
                <translate x="0" y="0.3" z="-0.5" />
            </transformation>
            <materials>
                <material id="demoMaterial" />
            </materials>
            <texture id="none"/>
            <children>
                <primitiveref id="ChairLeg1" />
            </children>
        </component>
        <component id="ChairLeg2.1">
            <transformation>
                <translate x="-0.4" y="-0.05" z="-0.5" />
            </transformation>
            <materials>
                <material id="demoMaterial" />
            </materials>
            <texture id="none"/>
            <children>
                <primitiveref id="ChairLeg2" />
            </children>
        </component>
        <component id="ChairLeg2.2">
            <transformation>
                <translate x="-0.05" y="-0.4" z="-0.5" />
            </transformation>
            <materials>
                <material id="demoMaterial" />
            </materials>
            <texture id="none"/>
            <children>
                <primitiveref id="ChairLeg2" />
            </children>
        </component>
        <component id="ChairBackSupport">
            <transformation>
            </transformation>
            <materials>
                <material id="demoMaterial" />
            </materials>
            <texture id="none"/>
            <children>
                <primitiveref id="ChairBackSupport" />
            </children>
        </component>
        <component id="ChairBackSupportCover">
            <transformation>
                <transformationref id= "ChairBackSupportCover"/>
            </transformation>
            <materials>
                <material id="demoMaterial" />
            </materials>
            <texture id="none"/>
            <children>
                    <primitiveref id = "ChairBackSupportCover" />
            </children>
        </component>
        <component id="ChairBackSupportCover2">
            <transformation>
                <translate x="0" y="0" z="-0.07"/>
            </transformation>
            <materials>
                <material id="demoMaterial" />
            </materials>
            <texture id="none"/>
            <children>
                <componentref id="ChairBackSupportCover" />
            </children>
        </component>
        <component id="ChairBack">
            <transformation>
                <transformationref id="ChairBack"/>
            </transformation>
            <materials>
                <material id="demoMaterial" />
            </materials>
            <texture id="none" length_s="0" length_t="0"/>
            <children>
                <componentref id="ChairBackSupport" />
                <componentref id="ChairBackSupportCover" />
                <componentref id="ChairBackSupportCover2" />
            </children>
        </component>
        <component id="ChairBase">
            <transformation>
            </transformation>
            <materials>
                <material id="demoMaterial" />
            </materials>
            <texture id="none" length_s="0" length_t="0"/>
            <children>
                <primitiveref id="ChairBase" />
            </children>
        </component>
        <component id="ChairBaseCover">
            <transformation>
                <translate x="0" y="-0.4" z="0.2" />
                <rotate axis="z" angle="45" />
            </transformation>
            <materials>
                <material id="demoMaterial" />
            </materials>
            <texture id="none" length_s="0" length_t="0"/>
            <children>
                <primitiveref id="ChairBaseCover" />
            </children>
        </component>
        <component id="Chair1">
            <transformation>
                <translate x="0" y="0" z="0.5" />
            </transformation>
            <materials>
                <material id="demoMaterial" />
            </materials>
            <texture id="none"/>
            <children>
                <componentref id="ChairLeg1.1" />
                <componentref id="ChairLeg1.2" />
                <componentref id="ChairLeg2.1" />´
                <componentref id="ChairLeg2.2" />
                <componentref id="ChairBack" />
                <componentref id="ChairBase" />
                <componentref id="ChairBaseCover" />
            </children>
        </component>
        <component id="Chair2">
            <transformation>
                <translate x="1" y="1" z="0" />
                <rotate axis="z" angle="180" />
                 <translate x="0" y="0" z="0.5" />
            </transformation>
            <materials>
                <material id="demoMaterial" />
            </materials>
            <texture id="none"/>
            <children>
                <componentref id="ChairLeg1.1" />
                <componentref id="ChairLeg1.2" />
                <componentref id="ChairLeg2.1" />´
                <componentref id="ChairLeg2.2" />
                <componentref id="ChairBack" />
                <componentref id="ChairBase" />
                <componentref id="ChairBaseCover" />
            </children>
        </component>
        <!-- TABLE -->
        <component id="Donut1" floor="2">
            <transformation>
                <translate x="-0.2" y="-0.2" z="1.13" />
            </transformation>
            <materials>
                <material id="demoMaterial" />
            </materials>
            <texture id="none" length_s="0" length_t="0"/>
            <children>
                <primitiveref id="Donut" />           
            </children>
        </component>
        <component id="Donut2" floor="2">
            <transformation>
                <translate x="0.4" y="0.4" z="0" />
            </transformation>
            <materials>
                <material id="demoMaterial" />
            </materials>
            <texture id="none" length_s="0" length_t="0"/>
            <children>
                <componentref id="Donut1" />           
            </children>
        </component>
        <component id="Plate1">
            <transformation>
                <translate x="-0.2" y="-0.2" z="1.101" />
                <scale x="1" y="1" z="0.05" />
            </transformation>
            <materials>
                <material id="demoMaterial" />
            </materials>
            <texture id="none"/>
            <children>
                <primitiveref id="Plate" />
            </children>
        </component>
        <component id="Plate2">
            <transformation>
                <translate x="0.4" y="0.4" z="0" />
            </transformation>
            <materials>
                <material id="demoMaterial" />
            </materials>
            <texture id="none"/>
            <children>
                <componentref id="Plate1" />
            </children>
        </component>
        <component id="Napkin1">
            <transformation>
                <translate x="0.2" y="-0.6" z="1.101" />
                <rotate axis="z" angle="90" />
                <rotate axis="y" angle="90" />
            </transformation>
            <materials>
                <material id="demoMaterial" />
            </materials>
            <texture id="none"/>
            <children>
                <primitiveref id="Napkin" />
            </children>
        </component>
        <component id="Napkin2">
            <transformation>
                <rotate axis="z" angle="180" />
            </transformation>
            <materials>
                <material id="demoMaterial" />
            </materials>
            <texture id="none"/>
            <children>
                <componentref id="Napkin1" />
            </children>
        </component>
        <component id="TableLeg">
            <transformation>
            </transformation>
            <materials>
                <material id="demoMaterial" />
            </materials>
            <texture id="none" length_s="0" length_t="0"/>
            <children>
                <primitiveref id="TableLeg" />
            </children>
        </component>
        <component id="TableSupport">
            <transformation>
            </transformation>
            <materials>
                <material id="demoMaterial" />
            </materials>
            <texture id="none" length_s="0" length_t="0"/>
            <children>
                <primitiveref id="TableSupport" />
            </children>
        </component>
        <component id="TableTop">
            <transformation>
                <translate x="0" y="0" z="1" />
            </transformation>
            <materials>
                <material id="demoMaterial" />
            </materials>
            <texture id="none"/>
            <children>
                <primitiveref id="TableTop" />
            </children>
        </component>
        <component id="TableCover">
            <transformation>
                <transformationref id= "TableCover"/>
            </transformation>
            <materials>
                <material id="demoMaterial" />
            </materials>
            <texture id="none" length_s="1.13" length_t="1.13"/>
            <children>
                <primitiveref id="TableCover" />
            </children>
        </component>
        <component id="Table">
            <transformation>
                <transformationref id="TableXY" />
            </transformation>
            <materials>
                <material id="inherit" />
            </materials>
            <texture id="none"/>
            <children>
                <componentref id="Donut1" /> 
                <componentref id="Donut2" /> 
                <componentref id="Plate1" />
                <componentref id="Plate2" />
                <componentref id="Napkin1" />
                <componentref id="Napkin2" />
                <componentref id="TableLeg" />
                <componentref id="TableSupport" />
                <componentref id="TableTop" />
                <componentref id="TableCover" />
            </children>
        </component>
        <component id="demoRoot">
            <transformation>
            </transformation>
            <materials>
                <material id="demoMaterial" />
            </materials>
            <texture id="none"/>
            <children>
                <componentref id="Chair1" />
                <componentref id="Table" />
                <componentref id="Person1" />
            </children>
        </component>
    </components>
</lxs>