<lxs>
    <scene root="Restaurant" axis_length="5" floorStart = "20"/>

    <!-- far - Far clipping plane distance -->
    <!-- fov/angle - Field of view angle of the camera (in radians) -->
    <!-- near - Near clipping plane distance -->
    <!-- -->
    <views default="topFloor">
        <perspective id="topFloor" near="0.1" far="1000" angle="40">
            <from x="5" y="50" z="-9" />
            <to x="5" y="3" z="-10" />
        </perspective>
        <perspective id="topFloorInclined" near="0.1" far="1000" angle="20">
            <from x="5" y="32" z="50" />
            <to x="5" y="8" z="-5" />
        </perspective>
        <perspective id="outsidePrespective" near="0.1" far="1000" angle="30 ">
            <from x="5" y="3" z="15" />
            <to x="5" y="3" z="-5" />
        </perspective>
        <perspective id="roadPrespective" near="0.1" far="1000" angle="25">
            <from x="60" y="2" z="5" />
            <to x="-10" y="2" z="0" />
        </perspective>
        <perspective id="insideFloor1" near="0.1" far="1000" angle="80 ">
            <from x="11" y="4" z="-20" />
            <to x="-1" y="1" z="5" />
        </perspective>
        <perspective id="insideFloor2" near="0.1" far="1000" angle="80">
            <from x="5" y="9" z="-20" />
            <to x="5" y="6" z="5" />
        </perspective>
        <perspective id="globalPrespective" near="0.1" far="1000" angle="40">
            <from x="-5" y="50" z="90" />
            <to x="5" y="0" z="-20" />
        </perspective>
    </views>

    <globals>
        <ambient r="0.2" g="0.2" b="0.2" a="1.0" />
        <background r="0.0" g="0.0" b="0.0" a="1.0" />
    </globals>

    <lights>
        <spot id="Lamp0" enabled="1" angle="90.0" exponent="1.0">
            <location x="3.3" y="3.5" z="-3.5" w="1"/>
            <target x="3.3" y="-10" z="-3.5" />
            <ambient r="0" g="0" b="0" a="1" />
            <diffuse r="1" g="0.6" b="0" a="1" />
            <specular r="0.8" g="0.5" b="0" a="1.0" />
            <attenuation constant="0.0" linear="1.0" quadratic="0.0" />
        </spot>
        <spot id="Lamp1" enabled="1" angle="90.0" exponent="1.0">
            <location x="7.7" y="3.5" z="-3.5" w="1" />
            <target x="7.7" y="-10" z="-3.5" />
            <ambient r="0" g="0" b="0" a="1" />
            <diffuse r="1" g="0.6" b="0" a="1" />
            <specular r="0.8" g="0.5" b="0" a="1.0" />
            <attenuation constant="0.0" linear="1.0" quadratic="0.0" />
        </spot>
        <spot id="Lamp2" enabled="1" angle="90.0" exponent="1.0">
            <location x="6" y="2.5" z="-18" w="1" />
            <target x="6" y="2.5" z="-18" />
            <ambient r="0" g="0" b="0" a="1" />
            <diffuse r="1" g="0.6" b="0" a="1" />
            <specular r="0.8" g="0.5" b="0" a="1.0" />
            <attenuation constant="0.0" linear="1.0" quadratic="0.0" />
        </spot>
        <spot id="StairLight" enabled="1" angle="180.0" exponent="1.0">
            <location x="-0.5" y="4" z="-19.5" w="1" />
            <target x="0" y="0" z="0" />
            <ambient r="0" g="0" b="0" a="1" />
            <diffuse r="1" g="0.6" b="0" a="1" />
            <specular r="0.8" g="0.5" b="0" a="1.0" />
            <attenuation constant="0.0" linear="1.0" quadratic="0.0" />
        </spot>
        <spot id="LightsPost" enabled="1" angle="90.0" exponent="1.0">
            <location x="-6" y="5" z="12" w="1" />
            <target x="6" y="-6" z="-10.0" />
            <ambient r="0.1" g="0.1" b="0.1" a="1" />
            <diffuse r="1" g="1" b="1" a="1" />
            <specular r="1" g="1" b="1" a="1.0" />
            <attenuation constant="0.0" linear="1.0" quadratic="0.0" />
        </spot>
        <omni id="CelestialBody" enabled="1" >
            <location x="-5" y="30" z="-50" w="1" />
            <ambient r="0.1" g="0.1" b="0.1" a="1" />
            <diffuse r="0.1" g="0.1" b="0.1" a="1" />
            <specular r="0.1" g="0.1" b="0.1" a="1" />
        </omni>       
        
    </lights>

    <textures>
        <!-- TERRAINS -->
        <texture id="woodTile" file="scenes/images/wood-tile.jpg" />
        <texture id="woodOak" file="scenes/images/wood-oak.jpg" />
        
        <!-- TABLE -->
        <texture id="darkCement" file="scenes/images/dark-cement.jpg" />
        <texture id="aluminium" file="scenes/images/aluminium.jpg" />
        <texture id="table" file="scenes/images/table.png" />
        
        <!-- CHAIR -->
        <texture id="woodChair" file="scenes/images/wood-chair.jpg" />
        <texture id="greyFabric" file="scenes/images/grey-fabric.jpg" />

        <!-- BAR COUNTER -->
        <texture id="woodDark" file="scenes/images/woodDark.jpg" />

        <!-- RESTAURANT ACCESSORIES-->
        <texture id="lampTex" file="scenes/images/lamp-texture.jpg" />
        <texture id="bulbTexture" file="scenes/images/bulb-texture.jpg" />

        <!-- BUILDING TEXTURES-->
        <texture id="grey" file="scenes/images/grey.jpg" />
        <texture id="wood" file="scenes/images/woodLight.jpg" />
        <texture id="donut" file="scenes/images/donut-texture.png" />

        <!-- EXTERIOR TEXTURES -->
        <texture id="sphereMap" file="scenes/images/sphereMap.jpg" />
        <texture id="sun" file="scenes/images/sun.jpg" />
        <texture id="moon" file="scenes/images/moon.jpg" />
        <texture id="road" file="scenes/images/highway-road.jpg" />
        <texture id="parkingLot" file="scenes/images/parking-lot.jpg" />
        <texture id="stonePath" file="scenes/images/stone-path3.png" />
        <texture id="grass" file="scenes/images/grass.jpg" />
    </textures>

    <materials>
        <material id="defaultMaterial" shininess="10">
            <emission r="0.0" g="0.0" b="0.0" a="0.0" />
            <ambient r="0.2" g="0.2" b="0.2" a="1.0" />
            <diffuse r="0.5" g="0.5" b="0.5" a="1.0" />
            <specular r="0.5" g="0.5" b="0.5" a="1.0" />
        </material>

        <!-- TABLE -->
        <material id="plate" shininess="100">
            <emission r="0.0" g="0.0" b="0.0" a="1.0" />
            <ambient r="0.2" g="0.2" b="0.2" a="0.2" />
            <diffuse r="0.4" g="0.4" b="0.4" a="1.0" />
            <specular r="0.7" g="0.7" b="0.7" a="1.0" />
        </material>
        <material id="plateM" shininess="100">
            <emission r="0.0" g="0.0" b="0.0" a="1.0" />
            <ambient r="0.2" g="0.1" b="0.05" a="1.0" />
            <diffuse r="0.4" g="0.2" b="0.1" a="1.0" />
            <specular r="0.8" g="0.4" b="0.2" a="1.0" />
        </material>
        <material id="tableTop" shininess="5">
            <emission r="0.0" g="0.0" b="0.0" a="1.0" />
            <ambient r="0.4" g="0.4" b="0.4" a="1.0" />
            <diffuse r="0.2" g="0.2" b="0.2" a="1.0" />
            <specular r="0.2" g="0.2" b="0.2" a="1.0" />
        </material>
        <material id="tableBottom" shininess="1">
            <emission r="0.0" g="0.0" b="0.0" a="1.0" />
            <ambient r="0.2" g="0.2" b="0.2" a="1.0" />
            <diffuse r="0.2" g="0.2" b="0.2" a="1.0" />
            <specular r="0.7" g="0.7" b="0.7" a="1.0" />
        </material>
        <material id="tableBottom1" shininess="10">
            <emission r="0.0" g="0.0" b="0.0" a="1.0" />
            <ambient r="0.3" g="0.2" b="0.2" a="1.0" />
            <diffuse r="0.4" g="0.2" b="0.2" a="1.0" />
            <specular r="1.0" g="0.7" b="0.7" a="1.0" />
        </material>

        <!-- CHAIR -->
        <material id="chairLeg" shininess="2">
            <emission r="0.0" g="0.0" b="0.0" a="1.0" />
            <ambient r="0.2" g="0.2" b="0.2" a="1.0" />
            <diffuse r="0.6" g="0.6" b="0.6" a="1.0" />
            <specular r="0.6" g="0.6" b="0.6" a="1.0" />
        </material>
        <material id="chair" shininess="2">
            <emission r="0.0" g="0.0" b="0.0" a="1.0" />
            <ambient r="0.2" g="0.2" b="0.2" a="1.0" />
            <diffuse r="0.8" g="0.8" b="0.8" a="1.0" />
            <specular r="0.5" g="0.5" b="0.5" a="1.0" />
        </material>
        <material id="chair1" shininess="2">
            <emission r="0.0" g="0.0" b="0.0" a="1.0" />
            <ambient r="0.2" g="0.3" b="0.1" a="1.0" />
            <diffuse r="0.8" g="0.9" b="0.7" a="1.0" />
            <specular r="0.5" g="0.6" b="0.4" a="1.0" />
        </material>
        <material id="chair2" shininess="2">
            <emission r="0.0" g="0.0" b="0.0" a="1.0" />
            <ambient r="0.3" g="0.2" b="0.2" a="1.0" />
            <diffuse r="0.8" g="0.7" b="0.7" a="1.0" />
            <specular r="0.5" g="0.4" b="0.4" a="1.0" />
        </material>

        <!-- BAR COUNTER -->
        <material id="barCounterTop" shininess="1">
            <emission r="0.0" g="0.0" b="0.0" a="1.0" />
            <ambient r="0.3" g="0.3" b="0.3" a="1.0" />
            <diffuse r="0.6" g="0.6" b="0.6" a="1.0" />
            <specular r="0.9" g="0.9" b="0.9" a="1.0" />
        </material>
        <material id="barCounter" shininess="2">
            <emission r="0.0" g="0.0" b="0.0" a="1.0" />
            <ambient r="0.5" g="0.5" b="0.5" a="1.0" />
            <diffuse r="0.8" g="0.8" b="0.8" a="1.0" />
            <specular r="0.6" g="0.6" b="0.6" a="1.0" />
        </material>

        <!-- BAR CHAIR -->
        <material id="barChair" shininess="1">
            <emission r="0.0" g="0.0" b="0.0" a="1.0" />
            <ambient r="0.4" g="0.4" b="0.4" a="1.0" />
            <diffuse r="0.8" g="0.8" b="0.8" a="1.0" />
            <specular r="0.6" g="0.6" b="0.6" a="1.0" />
        </material>

        <!-- RESTAURANT ACCESSORIES -->
        <material id="door" shininess="1">
            <emission r="0.0" g="0" b="0" a="1.0" />
            <ambient r="0.1" g="0.1" b="0.1" a="1.0" />
            <diffuse r="0.9" g="0.9" b="0.9" a="1.0" />
            <specular r="0.4" g="0.4" b="0.6" a="1.0" />
        </material>
        <material id="balcony" shininess="50">
            <emission r="0.0" g="0" b="0" a="1.0" />
            <ambient r="0.2" g="0.2" b="0.2" a="1.0" />
            <diffuse r="0.4" g="0.4" b="0.4" a="1.0" />
            <specular r="1" g="1" b="1" a="1.0" />
        </material>
        <material id="lamp" shininess="1">
            <emission r="0.0" g="0" b="0" a="1.0" />
            <ambient r="0.5" g="0.5" b="0.5" a="1.0" />
            <diffuse r="0.4" g="0.4" b="0.4" a="1.0" />
            <specular r="0.7" g="0.7" b="0.7" a="1.0" />
        </material>
        <material id="lampStick" shininess="1">
            <emission r="0.0" g="0" b="0" a="1.0" />
            <ambient r="0.2" g="0.2" b="0.2" a="1.0" />
            <diffuse r="0.8" g="0.8" b="0.8" a="1.0" />
            <specular r="0.8" g="0.8" b="0.8" a="1.0" />
        </material>
        <material id="stair" shininess="1">
            <emission r="0.0" g="0" b="0" a="1.0" />
            <ambient r="0.2" g="0.2" b="0.2" a="1.0" />
            <diffuse r="0.8" g="0.8" b="0.8" a="1.0" />
            <specular r="0.6" g="0.6" b="0.6" a="1.0" />
        </material>
        <material id="stairSupport" shininess="2">
            <emission r="0.0" g="0" b="0" a="1.0" />
            <ambient r="0.1" g="0.1" b="0.1" a="1.0" />
            <diffuse r="0.1" g="0.1" b="0.1" a="1.0" />
            <specular r="0.1" g="0.1" b="0.1" a="1.0" />
        </material>


        <!--  BUILDING -->
         <material id="window" shininess="2">
            <emission r="0.0" g="0" b="0" a="1.0" />
            <ambient r="0.2" g="0.2" b="0.2" a="1.0" />
            <diffuse r="0.6" g="0.6" b="0.6" a="1.0" />
            <specular r="0.3" g="0.3" b="0.3" a="1.0" />
        </material>
        <material id="floor" shininess="2">
            <emission r="0.0" g="0" b="0" a="1.0" />
            <ambient r="0.2" g="0.2" b="0.2" a="1.0" />
            <diffuse r="0.8" g="0.8" b="0.8" a="1.0" />
            <specular r="0.5" g="0.5" b="0.5" a="1.0" />
        </material>
        <material id="floor1" shininess="2">
            <emission r="0.0" g="0" b="0" a="1.0" />
            <ambient r="0.6" g="0.5" b="0.5" a="1.0" />
            <diffuse r="0.8" g="0.7" b="0.7" a="1.0" />
            <specular r="0.5" g="0.4" b="0.4" a="1.0" />
        </material>
        <material id="roof" shininess="2">
            <emission r="0.0" g="0" b="0" a="1.0" />
            <ambient r="0.5" g="0.5" b="0.5" a="1.0" />
            <diffuse r="0.7" g="0.7" b="0.7" a="1.0" />
            <specular r="0.1" g="0.1" b="0.1" a="1.0" />
        </material>
        <material id="walls" shininess="1">
            <emission r="0.0" g="0" b="0" a="1.0" />
            <ambient r="0.2" g="0.2" b="0.2" a="1.0" />
            <diffuse r="0.7" g="0.7" b="0.7" a="1.0" />
            <specular r="0.1" g="0.1" b="0.1" a="1.0" />
        </material>
        <material id="walls1" shininess="1">
            <emission r="0.0" g="0" b="0" a="1.0" />
            <ambient r="0.4" g="0.3" b="0.3" a="1.0" />
            <diffuse r="0.7" g="0.6" b="0.6" a="1.0" />
            <specular r="0.1" g="0.1" b="0.1" a="1.0" />
        </material>
        <material id="walls2" shininess="1">
            <emission r="0.0" g="0" b="0" a="1.0" />
            <ambient r="0.2" g="0.2" b="0.2" a="1.0" />
            <diffuse r="0.7" g="0.8" b="0.8" a="1.0" />
            <specular r="0.1" g="0.1" b="0.1" a="1.0" />
        </material>

        <!-- EXTERIOR -->
        <material id="celestial" shininess="150">
            <emission r="0.8" g="0.8" b="0.8" a="1.0" />
            <ambient r="0.8" g="0.8" b="0.8" a="1.0" />
            <diffuse r="0.5" g="0.5" b="0.5" a="1.0" />
            <specular r="0.6" g="0.6" b="0.6" a="1.0" />
        </material>
        <material id="terrain" shininess="10">
            <emission r="0" g="0" b="0" a="1.0" />
            <ambient r="0.3" g="0.3" b="0.3" a="1.0" />
            <diffuse r="0.1" g="0.1" b="0.1" a="1.0" />
            <specular r="0.4" g="0.4" b="0.4" a="1.0" />
        </material>
        <material id="terrain1" shininess="10">
            <emission r="0" g="0" b="0" a="1.0" />
            <ambient r="0.4" g="0.7" b="0.5" a="1.0" />
            <diffuse r="0.1" g="0.3" b="0.1" a="1.0" />
            <specular r="0.4" g="0.6" b="0.4" a="1.0" />
        </material>
        <material id="stone-path" shininess="10">
            <emission r="0" g="0" b="0" a="1.0" />
            <ambient r="0.6" g="0.6" b="0.6" a="1.0" />
            <diffuse r="0.6" g="0.6" b="0.6" a="1.0" />
            <specular r="0.1" g="0.1" b="0.1" a="1.0" />
        </material>
    </materials>

    <transformations>
        <!-- Table transformations -->
        <transformation id="TableXY">
            <translate x="0.5" y="0.5" z="0" />
        </transformation>
        <transformation id="TableCover">
                <translate x="0" y="-0.8" z="1.1" />
                <rotate axis="z" angle="45" />
        </transformation>

        <!-- CHAIR transformations -->
        <transformation id="ChairBack">
            <translate x="-0.248" y="-0.248" z="0.66" />
            <rotate axis="z" angle="45" />
            <rotate axis="x" angle="45" />
            <rotate axis="y" angle="90" />
        </transformation>
        <transformation id="ChairBackSupportCover">
            <translate x="0" y="-0.45" z="0.07" />
            <rotate axis="z" angle="45" />
        </transformation>

        <!-- BAR transformations -->
        <transformation id="BarCounterTopCover">
            <translate x="0" y="-1" z="0.3" />
            <rotate axis="z" angle="45" />
        </transformation>
        <transformation id="BarTransf">
            <translate x="0.98" y="0" z="0" />
        </transformation>
        <transformation id="BarChairBackSupport">
            <translate x="-1.1" y="-1.1" z="1.5" />
            <rotate axis="z" angle="45" />
            <rotate axis="x" angle="45" />
            <rotate axis="y" angle="90" />
        </transformation>

    </transformations>

    <primitives>
        <!-- TABLE -->
         <primitive id="TableLeg">
            <cylinder base="0.1" top="0.1" height="1" slices="20" stacks="1" />
        </primitive>
        <primitive id="TableSupport">
            <cylinder base="0.5" top="0.1" height="0.2" slices="4" stacks="1" />
        </primitive>
        <primitive id="TableTop">
            <cylinder base="0.8" top="0.8" height="0.1" slices="4" stacks="1" />
        </primitive>
        <primitive id="TableCover">
            <rectangle x1="0" y1="0" x2="1.13" y2="1.13" />
        </primitive>
        <primitive id="Plate">
            <sphere radius="0.2" slices="40" stacks="40" />
        </primitive>
        <primitive id="Napkin">
            <triangle  x1="0" y1="0" z1="0"
                        x2="0" y2="0.25" z2="0"
                        x3="0" y3="0" z3="0.25" 
            />  
        </primitive>

        <!-- CHAIR -->
        <primitive id="ChairLeg1">
            <cylinder base="0.05" top="0.05" height="0.5" slices="4" stacks="1" />
        </primitive>
        <primitive id="ChairLeg2">
            <cylinder base="0.05" top="0.05" height="0.85" slices="4" stacks="1" />
        </primitive>
        <primitive id="ChairBackSupport">
            <cylinder base="0.45" top="0.45" height="0.07" slices="4" stacks="1" />
        </primitive>
        <primitive id="ChairBackSupportCover">
            <rectangle x1="0" y1="0" x2="0.64" y2="0.64" />
        </primitive>
        <primitive id="ChairBase">
            <cylinder base="0.4" top="0.4" height="0.2" slices="4" stacks="1" />
        </primitive>
        <primitive id="ChairBaseCover">
            <rectangle x1="0" y1="0" x2="0.57" y2="0.57" />
        </primitive>

        <!-- BAR -->
        <primitive id="BarCounterTop">
            <cylinder base="1" top="1" height="0.3" slices="4" stacks="1" />
        </primitive>
        <primitive id="BarCounterTopCover">
            <rectangle x1="0" y1="0" x2="1.41" y2="1.41" />
        </primitive>
        <primitive id="BarCounterCenter">
            <cylinder base="0.7" top="0.7" height="1.5" slices="4" stacks="1" />
        </primitive>
        <primitive id="BarChairLeg">
            <cylinder base="0.1" top="0.1" height="1.2" slices="20" stacks="5" />
        </primitive>
        
        <!-- RESTAURANT ACCESSORIES-->
        <primitive id="Door">
            <rectangle x1="0" y1="0" x2="3" y2="1.5" />
        </primitive>
        <primitive id="DoorHandle">
            <cylinder base="0.01" top="0.01" height="1" slices="20" stacks="1" />
        </primitive>
        <primitive id="BalconyHandle">
            <cylinder base="0.05" top="0.05" height="1.5" slices="20" stacks="1" />
        </primitive>
        <primitive id="LampLight">
            <cylinder base="0.5" top="0.2" height="0.5" slices="4" stacks="1" />
        </primitive>
        <primitive id="LampStick">
            <cylinder base="0.08" top="0.08" height="0.8" slices="4" stacks="1" />
        </primitive>
        <primitive id="LampCover">
            <rectangle x1="0" y1="0" x2="0.28" y2="0.28" />
        </primitive>
        <primitive id="StairSupport">
            <cylinder base="0.05" top="0.05" height="3.53" slices="20" stacks="1" />
        </primitive>
        <primitive id="StairStep">
            <rectangle x1="0" y1="0" x2="1" y2="0.2" />
        </primitive>
        <primitive id="StairPlatform">
            <rectangle x1="0" y1="0" x2="1" y2="1" />
        </primitive>

        <!-- BUILDING -->
        <primitive id="RestaurantFloor">
            <rectangle x1="-1" y1="-1" x2="12" y2="20" />
        </primitive>
        <primitive id="Roof1">
            <rectangle x1="-1" y1="-1" x2="12" y2="18" />
        </primitive>
        <primitive id="Roof2">
            <rectangle x1="2.4" y1="18" x2="12" y2="20" />
        </primitive>
        <primitive id="Wall">
            <rectangle x1="0" y1="0" x2="13" y2="5" />
        </primitive>
        <primitive id="Window1">
            <cylinder base="1.838" top="1.838" height="4" slices="4" stacks="1" />
        </primitive>
        <primitive id="Window2">
            <cylinder base="1.13" top="1.13" height="4" slices="4" stacks="1" />
        </primitive>
        <primitive id="RoofGlass">
            <cylinder base="9.19" top="9.19" height="1" slices="4" stacks="1" />
        </primitive>
        <primitive id="Donut">
            <torus inner="0.025" outer="0.05" slices="40" loops="40" />
        </primitive>

        <!-- EXTERIOR -->
        <primitive id="SphereMap">
            <sphere radius="80" slices="40" stacks="40" />
        </primitive>
        <primitive id="Sun">
            <sphere radius="5" slices="40" stacks="40" />
        </primitive>
        <primitive id="Moon">
            <sphere radius="1" slices="40" stacks="40" />
        </primitive>
        <primitive id="Terrain">
            <rectangle x1="-100" y1="-100" x2="100" y2="100" />
        </primitive>
        <primitive id="Road">
            <rectangle x1="0" y1="0" x2="200" y2="3" />
        </primitive>
        <primitive id="ParkingLot">
            <rectangle x1="0" y1="0" x2="22" y2="17" />
        </primitive>
        <primitive id="Stone-Path">
            <rectangle x1="0" y1="0" x2="16" y2="2" />
        </primitive>
        <primitive id="Stone-Path3">
            <rectangle x1="0" y1="0" x2="1" y2="3" />
        </primitive>
        <primitive id="LightPost">
            <cylinder base="0.2" top="0.2" height="4" slices="4" stacks="1" />
        </primitive>
        <primitive id="LightBase">
            <rectangle x1="0" y1="0" x2="0.5" y2="0.5" />
        </primitive>
        <primitive id="LightShield">
            <cylinder base="0.02" top="0.02" height="0.6" slices="4" stacks="1" />
        </primitive>
        <primitive id="LightCone">
            <cylinder base="0.4" top="0" height="0.2" slices="4" stacks="1" />
        </primitive>
        <primitive id="LightBulb">
            <sphere radius="0.15" slices="20" stacks="10" />
        </primitive>

    </primitives>

    <components>

        <!-- TABLE -->
        <component id="Donut1" floor="2">
            <transformation>
                <translate x="-0.2" y="-0.2" z="1.13" />
            </transformation>
            <materials>
                <material id="defaultMaterial" />
            </materials>
            <texture id="donut" length_s="0" length_t="0"/>
            <children>
                <primitiveref id="Donut" />           
            </children>
        </component>
        <component id="Donut2" floor="2">
            <transformation>
                <translate x="0.4" y="0.4" z="0" />
            </transformation>
            <materials>
                <material id="defaultMaterial" />
            </materials>
            <texture id="donut" length_s="0" length_t="0"/>
            <children>
                <componentref id="Donut1" />           
            </children>
        </component>
        <component id="Plate1">
            <transformation>
                <translate x="-0.2" y="-0.2" z="1.101" />
                <scale x="1" y="1" z="0.05" />
            </transformation>
            <materials>
                <material id="plate" />
                <material id="plateM" />
            </materials>
            <texture id="none"/>
            <children>
                <primitiveref id="Plate" />
            </children>
        </component>
        <component id="Plate2">
            <transformation>
                <translate x="0.4" y="0.4" z="0" />
            </transformation>
            <materials>
                <material id="plate" />
                <material id="plateM" />
            </materials>
            <texture id="none"/>
            <children>
                <componentref id="Plate1" />
            </children>
        </component>
        <component id="Napkin1">
            <transformation>
                <translate x="0.2" y="-0.6" z="1.101" />
                <rotate axis="z" angle="90" />
                <rotate axis="y" angle="90" />
            </transformation>
            <materials>
                <material id="plate" />
                <material id="plateM" />
            </materials>
            <texture id="none"/>
            <children>
                <primitiveref id="Napkin" />
            </children>
        </component>
        <component id="Napkin2">
            <transformation>
                <rotate axis="z" angle="180" />
            </transformation>
            <materials>
                <material id="plate" />
                <material id="plateM" />
            </materials>
            <texture id="none"/>
            <children>
                <componentref id="Napkin1" />
            </children>
        </component>
        <component id="TableLeg">
            <transformation>
            </transformation>
            <materials>
                <material id="inherit" />
            </materials>
            <texture id="aluminium" length_s="0" length_t="0"/>
            <children>
                <primitiveref id="TableLeg" />
            </children>
        </component>
        <component id="TableSupport">
            <transformation>
            </transformation>
            <materials>
                <material id="inherit" />
            </materials>
            <texture id="aluminium" length_s="0" length_t="0"/>
            <children>
                <primitiveref id="TableSupport" />
            </children>
        </component>
        <component id="TableTop">
            <transformation>
                <translate x="0" y="0" z="1" />
            </transformation>
            <materials>
                <material id="tableTop" />
            </materials>
            <texture id="inherit"/>
            <children>
                <primitiveref id="TableTop" />
            </children>
        </component>
        <component id="TableCover">
            <transformation>
                <transformationref id= "TableCover"/>
            </transformation>
            <materials>
                <material id="tableTop" />
            </materials>
            <texture id="table" length_s="1.13" length_t="1.13"/>
            <children>
                <primitiveref id="TableCover" />
            </children>
        </component>
        <component id="Table">
            <transformation>
                <transformationref id="TableXY" />
            </transformation>
            <materials>
                <material id="inherit" />
            </materials>
            <texture id="inherit"/>
            <children>
                <componentref id="Donut1" /> 
                <componentref id="Donut2" /> 
                <componentref id="Plate1" />
                <componentref id="Plate2" />
                <componentref id="Napkin1" />
                <componentref id="Napkin2" />
                <componentref id="TableLeg" />
                <componentref id="TableSupport" />
                <componentref id="TableTop" />
                <componentref id="TableCover" />
            </children>
        </component>
        
        <!-- CHAIR -->
        <component id="ChairLeg1.1">
            <transformation>
                <translate x="0.3" y="0" z="-0.5" />
            </transformation>
            <materials>
                <material id="chairLeg" />
            </materials>
            <texture id="inherit"/>
            <children>
                <primitiveref id="ChairLeg1" />
            </children>
        </component>
        <component id="ChairLeg1.2">
            <transformation>
                <translate x="0" y="0.3" z="-0.5" />
            </transformation>
            <materials>
                <material id="chairLeg" />
            </materials>
            <texture id="inherit"/>
            <children>
                <primitiveref id="ChairLeg1" />
            </children>
        </component>
        <component id="ChairLeg2.1">
            <transformation>
                <translate x="-0.4" y="-0.05" z="-0.5" />
            </transformation>
            <materials>
                <material id="chairLeg" />
            </materials>
            <texture id="inherit"/>
            <children>
                <primitiveref id="ChairLeg2" />
            </children>
        </component>
        <component id="ChairLeg2.2">
            <transformation>
                <translate x="-0.05" y="-0.4" z="-0.5" />
            </transformation>
            <materials>
                <material id="chairLeg" />
            </materials>
            <texture id="inherit"/>
            <children>
                <primitiveref id="ChairLeg2" />
            </children>
        </component>
        <component id="ChairBackSupport">
            <transformation>
            </transformation>
            <materials>
                <material id="inherit" />
            </materials>
            <texture id="inherit"/>
            <children>
                <primitiveref id="ChairBackSupport" />
            </children>
        </component>
        <component id="ChairBackSupportCover">
            <transformation>
                <transformationref id= "ChairBackSupportCover"/>
            </transformation>
            <materials>
                <material id="inherit" />
            </materials>
            <texture id="inherit"/>
            <children>
                    <primitiveref id = "ChairBackSupportCover" />
            </children>
        </component>
        <component id="ChairBackSupportCover2">
            <transformation>
                <translate x="0" y="0" z="-0.07"/>
            </transformation>
            <materials>
                <material id="inherit" />
            </materials>
            <texture id="inherit"/>
            <children>
                <componentref id="ChairBackSupportCover" />
            </children>
        </component>
        <component id="ChairBack">
            <transformation>
                <transformationref id="ChairBack"/>
            </transformation>
            <materials>
                <material id="inherit" />
            </materials>
            <texture id="woodChair" length_s="0" length_t="0"/>
            <children>
                <componentref id="ChairBackSupport" />
                <componentref id="ChairBackSupportCover" />
                <componentref id="ChairBackSupportCover2" />
            </children>
        </component>
        <component id="ChairBase">
            <transformation>
            </transformation>
            <materials>
                <material id="inherit" />
            </materials>
            <texture id="woodChair" length_s="0" length_t="0"/>
            <children>
                <primitiveref id="ChairBase" />
            </children>
        </component>
        <component id="ChairBaseCover">
            <transformation>
                <translate x="0" y="-0.4" z="0.2" />
                <rotate axis="z" angle="45" />
            </transformation>
            <materials>
                <material id="inherit" />
            </materials>
            <texture id="woodChair" length_s="0" length_t="0"/>
            <children>
                <primitiveref id="ChairBaseCover" />
            </children>
        </component>
        <component id="Chair1">
            <transformation>
                <translate x="0" y="0" z="0.5" />
            </transformation>
            <materials>
                <material id="chair" />
                <material id="chair1" />
                <material id="chair2" />
            </materials>
            <texture id="inherit"/>
            <children>
                <componentref id="ChairLeg1.1" />
                <componentref id="ChairLeg1.2" />
                <componentref id="ChairLeg2.1" />´
                <componentref id="ChairLeg2.2" />
                <componentref id="ChairBack" />
                <componentref id="ChairBase" />
                <componentref id="ChairBaseCover" />
            </children>
        </component>
        <component id="Chair2">
            <transformation>
                <translate x="1" y="1" z="0" />
                <rotate axis="z" angle="180" />
            </transformation>
            <materials>
                <material id="chair" />
                <material id="chair1" />
                <material id="chair2" />
            </materials>
            <texture id="inherit"/>
            <children>
                <componentref id="Chair1" />
            </children>
        </component>

        <!-- TABLE SET-->
        <component id="TableSet">
            <transformation>
            </transformation>
            <materials>
                <material id="inherit" />
            </materials>
            <texture id="inherit"/>
            <children>
                <componentref id="Table" />
                <componentref id="Chair1" />
                <componentref id="Chair2" />
            </children>
        </component>
        <component id="TableSet2">
            <transformation>
                <translate x="0" y="3" z="0" />
            </transformation>
            <materials>
                <material id="inherit" />
            </materials>
            <texture id="inherit"/>
            <children>
                <componentref id="TableSet" />
            </children>
        </component>
        <component id="TableSet1">
            <transformation>
                <translate x="0" y="3" z="0" />
            </transformation>
            <materials>
                <material id="inherit" />
            </materials>
            <texture id="inherit"/>
            <children>
                <componentref id="TableSet2" />
                <componentref id="TableSet" />
            </children>
        </component>
        <component id="TableSet0">
            <transformation>
            </transformation>
            <materials>
                <material id="inherit" />
            </materials>
            <texture id="inherit"/>
            <children>
                <componentref id="TableSet1" />
                <componentref id="TableSet" />
            </children>
        </component>
        <component id="TableSetRow">
            <transformation>
            </transformation>
            <materials>
                <material id="inherit" />
            </materials>
            <texture id="inherit"/>
            <children>
                <componentref id="TableSet0" />
            </children>
        </component>
        <component id="TableSetRow7">
            <transformation>
                <translate x="-3" y="0" z="0" />
            </transformation>
            <materials>
                <material id="inherit" />
            </materials>
            <texture id="inherit"/>
            <children>
                <componentref id="TableSetRow" />
            </children>
        </component>
        <component id="TableSetRow6">
            <transformation>
                <translate x="-3" y="0" z="0" />
            </transformation>
            <materials>
                <material id="inherit" />
            </materials>
            <texture id="inherit"/>
            <children>
                <componentref id="TableSetRow" />
                <componentref id="TableSetRow7" />
            </children>
        </component>
        <component id="TableSetRow5">
            <transformation>
                <translate x="-3" y="0" z="0" />
            </transformation>
            <materials>
                <material id="inherit" />
            </materials>
            <texture id="inherit"/>
            <children>
                <componentref id="TableSetRow6" />
                <componentref id="TableSetRow" />
            </children>
        </component>
        <component id="TableSetRow4" floor="1">
            <transformation>
                <translate x="0" y="8" z="5" />
            </transformation>
            <materials>
                <material id="inherit" />
            </materials>
            <texture id="inherit"/>
            <children>
                <componentref id="TableSetRow5" />
                <componentref id="TableSetRow" />
            </children>
        </component>
        <component id="TableSetRow3">
            <transformation>
                <translate x="3" y="0" z="0" />
            </transformation>
            <materials>
                <material id="inherit" />
            </materials>
            <texture id="inherit"/>
            <children>
                <componentref id="TableSetRow4" />
                <componentref id="TableSetRow" />
            </children>
        </component>
        <component id="TableSetRow2">
            <transformation>
                <translate x="3" y="0" z="0" />
            </transformation>
            <materials>
                <material id="inherit" />
            </materials>
            <texture id="inherit"/>
            <children>
                <componentref id="TableSetRow3" />
                <componentref id="TableSetRow" />
            </children>
        </component>
        <component id="TableSetRow1">
            <transformation>
                <translate x="3" y="0" z="0" />
            </transformation>
            <materials>
                <material id="inherit" />
            </materials>
            <texture id="inherit"/>
            <children>
                <componentref id="TableSetRow2" />
                <componentref id="TableSetRow" />
            </children>
        </component>
        <component id="TableSetRow0">
            <transformation>
            </transformation>
            <materials>
                <material id="tableBottom" />
                <material id="tableBottom1" />
            </materials>
            <texture id="darkCement" length_s="0" length_t="0"/>
            <children>
                <componentref id="TableSetRow1" />
                <componentref id="TableSetRow" />
            </children>
        </component>
        
        <!-- BAR COUNTER-->
        <component id="BarCounterTopCover">
            <transformation>
                <transformationref id="BarCounterTopCover" />
            </transformation>
            <materials>
                <material id="barCounterTop" />
            </materials>
            <texture id="darkCement" length_s="0" length_t="0"/>
            <children>
                <primitiveref id="BarCounterTopCover" />
            </children>
        </component>
        <component id="BarCounterTop">
            <transformation>
                <scale x="0.7" y="1" z="1" />
                <rotate axis="z" angle="45" />
                <translate x="0" y="0" z="1.5" />
            </transformation>
            <materials>
                <material id="barCounterTop" />
            </materials>
            <texture id="darkCement" length_s="0" length_t="0"/>
            <children>
                <primitiveref id="BarCounterTop" />
                <componentref id="BarCounterTopCover" />
            </children>
        </component>
        <component id="BarCounterCenter">
            <transformation>
                <rotate axis="z" angle="45" />
            </transformation>
            <materials>
                <material id="inherit" />
            </materials>
            <texture id="inherit"/>
            <children>
                <primitiveref id="BarCounterCenter" />
            </children>
        </component>
        <component id="BarCounter">
            <transformation>
                <translate x="1" y="18" z="0" />
            </transformation>
            <materials>
                <material id="inherit" />
            </materials>
            <texture id="inherit"/>
            <children>
                <componentref id="BarCounterTop" />
                <componentref id="BarCounterCenter" />
            </children>
        </component>
        <component id="BarCounter1">
            <transformation>
                <transformationref id="BarTransf" />
            </transformation>
            <materials>
                <material id="inherit" />
            </materials>
            <texture id="inherit"/>
            <children>
                <componentref id="BarCounter" />
            </children>
        </component>
        <component id="BarCounter2">
            <transformation>
                <transformationref id="BarTransf" />
            </transformation>
            <materials>
                <material id="inherit" />
            </materials>
            <texture id="inherit"/>
            <children>
                <componentref id="BarCounter1" />
                <componentref id="BarCounter" />
            </children>
        </component>
        <component id="BarCounter3">
            <transformation>
                <transformationref id="BarTransf" />
            </transformation>
            <materials>
                <material id="inherit" />
            </materials>
            <texture id="inherit"/>
            <children>
                <componentref id="BarCounter2" />
                <componentref id="BarCounter" />
            </children>
        </component>
        <component id="BarCounter4">
            <transformation>
                <transformationref id="BarTransf" />
            </transformation>
            <materials>
                <material id="inherit" />
            </materials>
            <texture id="inherit"/>
            <children>
                <componentref id="BarCounter3" />
                <componentref id="BarCounter" />
            </children>
        </component>
        <component id="BarCounter5">
            <transformation>
                <transformationref id="BarTransf" />
            </transformation>
            <materials>
                <material id="inherit" />
            </materials>
            <texture id="inherit"/>
            <children>
                <componentref id="BarCounter4" />
                <componentref id="BarCounter" />
            </children>
        </component>
        <component id="BarCounter6">
            <transformation>
                <transformationref id="BarTransf" />
            </transformation>
            <materials>
                <material id="inherit" />
            </materials>
            <texture id="inherit"/>
            <children>
                <componentref id="BarCounter5" />
                <componentref id="BarCounter" />
            </children>
        </component>
        <component id="BarCounter7">
            <transformation>
                <transformationref id="BarTransf" />
            </transformation>
            <materials>
                <material id="inherit" />
            </materials>
            <texture id="inherit"/>
            <children>
                <componentref id="BarCounter6" />
                <componentref id="BarCounter" />
            </children>
        </component>
        <component id="BarCounter8">
            <transformation>
                <transformationref id="BarTransf" />
            </transformation>
            <materials>
                <material id="barCounter" />
            </materials>
            <texture id="woodDark" length_s="0" length_t="0"/>
            <children>
                <componentref id="BarCounter7" />
                <componentref id="BarCounter" />
            </children>
        </component>

        <!-- BAR CHAIR-->
        <component id="BarChairLeg">
            <transformation>
            </transformation>
            <materials>
                <material id="barChair" />
            </materials>
            <texture id="darkCement" length_s="0" length_t="0"/>
            <children>
                <primitiveref id="BarChairLeg" />
            </children>
        </component>
        <component id="BarChairBaseCover">
            <transformation>
                <translate x="0" y="-0.4" z="0.2" />
                <rotate axis="z" angle="45" />
            </transformation>
            <materials>
                <material id="inherit" />
            </materials>
            <texture id="inherit"/>
            <children>
                <primitiveref id="ChairBaseCover" />
            </children>
        </component>
        <component id="BarChairBaseCover2">
            <transformation>
                <translate x="0" y="0" z="-0.2" />
            </transformation>
            <materials>
                <material id="inherit" />
            </materials>
            <texture id="inherit"/>
            <children>
                <componentref id="BarChairBaseCover" />
            </children>
        </component>
        <component id="BarChairBase">
            <transformation>
                <translate x="0" y="0" z="1.2" />
                <scale x="1" y="1" z="0.5" />
            </transformation>
            <materials>
                <material id="inherit" />
            </materials>
            <texture id="inherit"/>
            <children>
                <componentref id="BarChairBaseCover2" />
                <componentref id="BarChairBaseCover" />
                <primitiveref id="ChairBase" />
            </children>
        </component>
        <component id="BarChairBackSupport">
            <transformation>
                <transformationref id="BarChairBackSupport" />
            </transformation>
            <materials>
                <material id="inherit" />
            </materials>
            <texture id="inherit"/>
            <children>
                <componentref id="BarChairBase" />
            </children>
        </component>
        <component id="BarChair">
            <transformation>
                <translate x="1" y="16" z="0"/>
                <rotate axis="z" angle="45" />
            </transformation>
            <materials>
                <material id="inherit" />
            </materials>
            <texture id="inherit"/>
            <children>
                <componentref id="BarChairBackSupport" />
                <componentref id="BarChairLeg" />
                <componentref id="BarChairBase" />
            </children>
        </component>
        <component id="BarChair1">
            <transformation>
                <transformationref id="BarTransf"/>
            </transformation>
            <materials>
                <material id="inherit" />
            </materials>
            <texture id="inherit"/>
            <children>
                <componentref id="BarChair" />
            </children>
        </component>
        <component id="BarChair2">
            <transformation>
                <transformationref id="BarTransf"/>
            </transformation>
            <materials>
                <material id="inherit" />
            </materials>
            <texture id="inherit"/>
            <children>
                <componentref id="BarChair" />                
                <componentref id="BarChair1" />
            </children>
        </component>
        <component id="BarChair3">
            <transformation>
                <transformationref id="BarTransf"/>
            </transformation>
            <materials>
                <material id="inherit" />
            </materials>
            <texture id="inherit"/>
            <children>
                <componentref id="BarChair" />                
                <componentref id="BarChair2" />
            </children>
        </component>
        <component id="BarChair4">
            <transformation>
                <transformationref id="BarTransf"/>
            </transformation>
            <materials>
                <material id="inherit" />
            </materials>
            <texture id="inherit"/>
            <children>
                <componentref id="BarChair" />                
                <componentref id="BarChair3" />
            </children>
        </component>
        <component id="BarChair5">
            <transformation>
                <transformationref id="BarTransf"/>
            </transformation>
            <materials>
                <material id="inherit" />
            </materials>
            <texture id="inherit"/>
            <children>
                <componentref id="BarChair4" />
                <componentref id="BarChair" />                
            </children>
        </component>
        <component id="BarChair6">
            <transformation>
                <transformationref id="BarTransf"/>
            </transformation>
            <materials>
                <material id="inherit" />
            </materials>
            <texture id="inherit"/>
            <children>
                <componentref id="BarChair5" />
                <componentref id="BarChair" />                
            </children>
        </component>
        <component id="BarChair7">
            <transformation>
                <transformationref id="BarTransf"/>
            </transformation>
            <materials>
                <material id="inherit" />
            </materials>
            <texture id="inherit"/>
            <children>
                <componentref id="BarChair6" />
                <componentref id="BarChair" />                
            </children>
        </component>
        <component id="BarChair8">
            <transformation>
                <transformationref id="BarTransf"/>
            </transformation>
            <materials>
                <material id="barChair" />
            </materials>
            <texture id="woodChair" length_s="0" length_t="0"/>
            <children>
                <componentref id="BarChair7" />
                <componentref id="BarChair" />                
            </children>
        </component>

        <!-- RESTAURANT ACCESSORIES -->
        <component id="DoorBase1">
            <transformation>
                <rotate axis="y" angle="-90" />
            </transformation>
            <materials>
                <material id="inherit" />
            </materials>
            <texture id="grey" length_s="0" length_t="0"/>
            <children> 
                <primitiveref id="Door" />              
            </children>
        </component> 
        <component id="DoorBase2">
            <transformation>
                <translate x="-0.02" y="0" z="0" />
            </transformation>
            <materials>
                <material id="inherit" />
            </materials>
            <texture id="grey" length_s="0" length_t="0"/>
            <children> 
                <componentref id="DoorBase1" />              
            </children>
        </component> 
        <component id="DoorHandle1">
            <transformation>
                <translate x="0.1" y="0.2" z="0.8" />
            </transformation>
            <materials>
                <material id="inherit" />
            </materials>
            <texture id="inherit"/>
            <children> 
                <primitiveref id="DoorHandle" />              
            </children>
        </component> 
        <component id="DoorHandle2">
            <transformation>
                <translate x="-0.2" y="0" z="0" />
            </transformation>
            <materials>
                <material id="inherit" />
            </materials>
            <texture id="inherit"/>
            <children> 
                <componentref id="DoorHandle1" />              
            </children>
        </component>
        <component id="DoorHandleAux1">
            <transformation>
                <translate x="0.25" y="0.0" z="1.5" />
                <scale x="0.2" y="1" z="1.5" />
                <rotate axis="y" angle="-90" />
            </transformation>
            <materials>
                <material id="inherit" />
            </materials>
            <texture id="inherit"/>
            <children> 
                <componentref id="DoorHandle1" />              
            </children>
        </component>
        <component id="DoorHandleAux2">
            <transformation>
                <translate x="0" y="0" z="-0.7" />
            </transformation>
            <materials>
                <material id="inherit" />
            </materials>
            <texture id="inherit"/>
            <children> 
                <componentref id="DoorHandleAux1" />              
            </children>
        </component>
        <component id="Door">
            <transformation>
                <translate x="12.01" y="10" z="0" />
            </transformation>
            <materials>
                <material id="door" />
            </materials>
            <texture id="aluminium" length_s="0" length_t="0"/>
            <children> 
                <componentref id="DoorBase1" />     
                <componentref id="DoorBase2" />     
                <componentref id="DoorHandle1" />
                <componentref id="DoorHandle2" />    
                <componentref id="DoorHandleAux1"/>  
                <componentref id="DoorHandleAux2"/>           
            </children>
        </component> 
        <component id="BalconyHandle1">
            <transformation>
                <translate x="-0.8" y="3.9" z="6.5" />
                <scale x="1" y="3.3" z="1" />
                <rotate axis="x" angle="90" />
            </transformation>
            <materials>
                <material id="inherit" />
            </materials>
            <texture id="inherit"/>
            <children> 
                <primitiveref id="BalconyHandle" />              
            </children>
        </component>
        <component id="BalconyHandle2">
            <transformation>
                <translate x="12.6" y="0" z="0" />
            </transformation>
            <materials>
                <material id="inherit" />
            </materials>
            <texture id="inherit"/>
            <children> 
                <componentref id="BalconyHandle1" />              
            </children>
        </component>
        <component id="BalconyHandle3">
            <transformation>
                <translate x="-0.8" y="-1" z="6.5" />
                <scale x="8.4" y="1" z="1" />
                <rotate axis="z" angle="90" />
                <rotate axis="x" angle="90" />
            </transformation>
            <materials>
                <material id="inherit" />
            </materials>
            <texture id="inherit"/>
            <children> 
                <primitiveref id="BalconyHandle" />              
            </children>
        </component>
        <component id="BalconySupport1">
            <transformation>
                <translate x="-0.8" y="-0.8" z="5" />
            </transformation>
            <materials>
                <material id="inherit" />
            </materials>
            <texture id="inherit"/>
            <children> 
                <primitiveref id="BalconyHandle" />              
            </children>
        </component>
        <component id="BalconySupport2">
            <transformation>
                <translate x="12.6" y="0" z="0" />
            </transformation>
            <materials>
                <material id="inherit" />
            </materials>
            <texture id="inherit"/>
            <children> 
                <componentref id="BalconySupport1" />              
            </children>
        </component>
        <component id="Balcony" floor="2">
            <transformation>
            </transformation>
            <materials>
                <material id="balcony" />
            </materials>
            <texture id="none"/>
            <children> 
                <componentref id="BalconyHandle1" />
                <componentref id="BalconyHandle2" />
                <componentref id="BalconyHandle3" />
                <componentref id="BalconySupport1" />   
                <componentref id="BalconySupport2" />         
            </children>
        </component>
        <component id="LampLight">
            <transformation>
            </transformation>
            <materials>
                <material id="inherit" />
            </materials>
            <texture id="inherit"/>
            <children>
                <primitiveref id="LampLight" />              
            </children>
        </component>
        <component id="LampStick">
            <transformation>
                <translate x="0" y="0" z="0.5" />
            </transformation>
            <materials>
                <material id="lampStick" />
            </materials>
            <texture id="darkCement" length_s="0" length_t="0"/>
            <children>
                <primitiveref id="LampStick" />              
            </children>
        </component>
        <component id="LampCover">
            <transformation>
                <translate x="0" y="-0.2" z="0.5" />
                <rotate axis="z" angle="45" />
            </transformation>
            <materials>
                <material id="inherit" />
            </materials>
            <texture id="darkCement" length_s="0" length_t="0"/>
            <children>
                <primitiveref id="LampCover" />              
            </children>
        </component>
        <component id="Lamp">
            <transformation>
                <translate x="0" y="0" z="3.67" />
            </transformation>
            <materials>
                <material id="inherit" />
            </materials>
            <texture id="inherit"/>
            <children>
                <componentref id="LampLight" />
                <componentref id="LampStick" />  
                <componentref id="LampCover" />               
            </children>
        </component>  
        <component id="Lamp8">
            <transformation>
                <translate x="-6" y="0" z="0" />
            </transformation>
            <materials>
                <material id="inherit" />
            </materials>
            <texture id="inherit"/>
            <children>
                <componentref id="Lamp" />              
            </children>
        </component>
        <component id="Lamp7">
            <transformation>
                <translate x="3" y="0" z="0" />
            </transformation>
            <materials>
                <material id="inherit" />
            </materials>
            <texture id="inherit"/>
            <children>
                <componentref id="Lamp8" /> 
                <componentref id="Lamp" />              
            </children>
        </component>
        <component id="Lamp6">
            <transformation>
                <translate x="0" y="15.5" z="0" />
            </transformation>
            <materials>
                <material id="inherit" />
            </materials>
            <texture id="inherit"/>
            <children>
                <componentref id="Lamp7" /> 
                <componentref id="Lamp" />              
            </children>
        </component>
        <component id="Lamp5">
            <transformation>
                <translate x="-3" y="0" z="0" />
            </transformation>
            <materials>
                <material id="inherit" />
            </materials>
            <texture id="inherit"/>
            <children>
                <componentref id="Lamp6" /> 
                <componentref id="Lamp" />              
            </children>
        </component>
        <component id="Lamp4">
            <transformation>
                <translate x="0" y="-3" z="0" />
            </transformation>
            <materials>
                <material id="inherit" />
            </materials>
            <texture id="inherit"/>
            <children>
                <componentref id="Lamp5" /> 
                <componentref id="Lamp" />              
            </children>
        </component>
        <component id="Lamp3">
            <transformation>
                <translate x="3" y="0" z="0" />
            </transformation>
            <materials>
                <material id="inherit" />
            </materials>
            <texture id="inherit"/>
            <children>
                <componentref id="Lamp4" /> 
                <componentref id="Lamp" />              
            </children>
        </component>
        <component id="Lamp2">
            <transformation>
                <translate x="3" y="0" z="0" />
            </transformation>
            <materials>
                <material id="inherit" />
            </materials>
            <texture id="inherit"/>
            <children>
                <componentref id="Lamp3" /> 
                <componentref id="Lamp" />              
            </children>
        </component>
        <component id="Lamp1">
            <transformation>
                <translate x="0" y="3" z="0" />
            </transformation>
            <materials>
                <material id="inherit" />
            </materials>
            <texture id="inherit"/>
            <children>
                <componentref id="Lamp2" /> 
                <componentref id="Lamp" />              
            </children>
        </component>
        <component id="Lamp0">
            <transformation>
                <translate x="2" y="2" z="0" />
            </transformation>
            <materials>
                <material id="lamp" />
            </materials>
            <texture id="lampTex" length_s="0" length_t="0"/>
            <children> 
                <componentref id="Lamp1" /> 
                <componentref id="Lamp" />              
            </children>
        </component> 
        <component id="StairSupport">
            <transformation>
                <rotate axis="y" angle="45" />
            </transformation>
            <materials>
                <material id="stairSupport" />
            </materials>
            <texture id="darkCement" length_s="0" length_t="0"/>
            <children>
                <primitiveref id="StairSupport" /> 
            </children>
        </component>
        <component id="StairStep">
            <transformation>
                <translate x="0.2" y="-0.5" z="0.2" />
                <rotate axis="z" angle="90" />
            </transformation>
            <materials>
                <material id="inherit" />
            </materials>
            <texture id="inherit"/>
            <children>
                <primitiveref id="StairStep" /> 
            </children>
        </component>
        <component id="StairStep11">
            <transformation>
                <translate x="0.2" y="0" z="0.2" />
            </transformation>
            <materials>
                <material id="inherit" />
            </materials>
            <texture id="inherit"/>
            <children>
                <componentref id="StairStep" /> 
            </children>
        </component>
        <component id="StairStep10">
            <transformation>
                <translate x="0.2" y="0" z="0.2" />
            </transformation>
            <materials>
                <material id="inherit" />
            </materials>
            <texture id="inherit"/>
            <children>
                <componentref id="StairStep" /> 
                <componentref id="StairStep11" /> 
            </children>
        </component>
        <component id="StairStep9">
            <transformation>
                <translate x="0.2" y="0" z="0.2" />
            </transformation>
            <materials>
                <material id="inherit" />
            </materials>
            <texture id="inherit"/>
            <children>
                <componentref id="StairStep" /> 
                <componentref id="StairStep10" /> 
            </children>
        </component>
        <component id="StairStep8">
            <transformation>
                <translate x="0.2" y="0" z="0.2" />
            </transformation>
            <materials>
                <material id="inherit" />
            </materials>
            <texture id="inherit"/>
            <children>
                <componentref id="StairStep" /> 
                <componentref id="StairStep9" /> 
            </children>
        </component>
        <component id="StairStep7">
            <transformation>
                <translate x="0.2" y="0" z="0.2" />
            </transformation>
            <materials>
                <material id="inherit" />
            </materials>
            <texture id="inherit"/>
            <children>
                <componentref id="StairStep" /> 
                <componentref id="StairStep8" /> 
            </children>
        </component>
        <component id="StairStep6">
            <transformation>
                <translate x="0.2" y="0" z="0.2" />
            </transformation>
            <materials>
                <material id="inherit" />
            </materials>
            <texture id="inherit"/>
            <children>
                <componentref id="StairStep" /> 
                <componentref id="StairStep7" /> 
            </children>
        </component>
        <component id="StairStep5">
            <transformation>
                <translate x="0.2" y="0" z="0.2" />
            </transformation>
            <materials>
                <material id="inherit" />
            </materials>
            <texture id="inherit"/>
            <children>
                <componentref id="StairStep" /> 
                <componentref id="StairStep6" /> 
            </children>
        </component>
        <component id="StairStep4">
            <transformation>
                <translate x="0.2" y="0" z="0.2" />
            </transformation>
            <materials>
                <material id="inherit" />
            </materials>
            <texture id="inherit"/>
            <children>
                <componentref id="StairStep" /> 
                <componentref id="StairStep5" /> 
            </children>
        </component>
        <component id="StairStep3">
            <transformation>
                <translate x="0.2" y="0" z="0.2" />
            </transformation>
            <materials>
                <material id="inherit" />
            </materials>
            <texture id="inherit"/>
            <children>
                <componentref id="StairStep" /> 
                <componentref id="StairStep4" /> 
            </children>
        </component>
        <component id="StairStep2">
            <transformation>
                <translate x="0.2" y="0" z="0.2" />
            </transformation>
            <materials>
                <material id="inherit" />
            </materials>
            <texture id="inherit"/>
            <children>
                <componentref id="StairStep" /> 
                <componentref id="StairStep3" /> 
            </children>
        </component>
        <component id="StairStep1">
            <transformation>
                <translate x="0.2" y="0" z="0.2" />
            </transformation>
            <materials>
                <material id="inherit" />
            </materials>
            <texture id="inherit"/>
            <children>
                <componentref id="StairStep" />
                <componentref id="StairStep2" />  
            </children>
        </component>
        <component id="StairStep0">
            <transformation>
            </transformation>
            <materials>
                <material id="inherit" />
            </materials>
            <texture id="inherit"/>
            <children>
                <componentref id="StairStep" /> 
                <componentref id="StairStep1" /> 
            </children>
        </component>
        <component id="StairStep1.0">
            <transformation>    
                <translate x="0.5" y="-3" z="-0.2" />
                <rotate axis="z" angle="90" />
            </transformation>
            <materials>
                <material id="inherit" />
            </materials>
            <texture id="inherit"/>
            <children>
                <componentref id="StairStep0" /> 
                <componentref id="StairSupport" />
            </children>
        </component>
        <component id="StairStep2.0">
            <transformation>
                <translate x="4" y="0.5" z="2.3" />
                <rotate axis="z" angle="-90" />
            </transformation>
            <materials>
                <material id="inherit" />
            </materials>
            <texture id="inherit"/>
            <children>
                <componentref id="StairStep1.0" /> 
            </children>
        </component>
        <component id="StairPlatform">
            <transformation>
                <translate x="0" y="-0.5" z="2.3" />
            </transformation>
            <materials>
                <material id="inherit" />
            </materials>
            <texture id="inherit"/>
            <children>
                <primitiveref id="StairPlatform" /> 
            </children>
        </component>
        <component id="Stair">
            <transformation>
                <translate x="-1" y="19.5" z="0.3" />
            </transformation>
            <materials>
                <material id="stair" />
            </materials>
            <texture id="woodOak" length_s="0" length_t="0"/>
            <children>
                <componentref id="StairStep2.0" />
                <componentref id="StairStep1.0" />
                <componentref id="StairPlatform" />
            </children>
        </component>

        <!-- BUILDING COMPONENTS -->
        <component id="RestaurantTiles">
            <transformation>
            </transformation>
            <materials>
                <material id="floor" />
                <material id="floor1" />
            </materials>
            <texture id="woodTile" length_s="4.5" length_t="4.5"/>
            <children>
                <primitiveref id="RestaurantFloor" />
            </children>
        </component>
        <component id="Wall1" floor="1">
            <transformation>
                <translate x="-1" y="20" z="0" />
                <rotate axis="x" angle="90" />
            </transformation>
            <materials>
                <material id="walls" />
                <material id="walls1" />
                <material id="walls2" />
            </materials>
            <texture id="woodChair" length_s="1" length_t="5"/>
            <children>
                <primitiveref id="Wall" />
            </children>
        </component>
        <component id="Wall2" floor="1">
            <transformation>
                <translate x="-1" y="7" z="0" />
                <rotate axis="z" angle="90" />
                <rotate axis="x" angle="90" />
            </transformation>
            <materials>
                <material id="walls" />
                <material id="walls1" />
                <material id="walls2" />
            </materials>
            <texture id="woodChair" length_s="1" length_t="5"/>
            <children>
                <primitiveref id="Wall" />           
            </children>
        </component>
        <component id="Wall3" floor="1">
            <transformation>
                <translate x="12" y="7" z="0" />
                <rotate axis="z" angle="90" />
                <rotate axis="x" angle="90" />
            </transformation>
            <materials>
                <material id="walls" />
                <material id="walls1" />
                <material id="walls2" />
            </materials>
            <texture id="woodChair" length_s="1" length_t="5"/>
            <children>
                <primitiveref id="Wall" />           
            </children>
        </component>
        <component id="Window1">
            <transformation>
                <translate x="0.3" y="-0.64" z="2.5" />
                <scale x="1" y="0.1" z="1.92" />
                <rotate axis="x" angle="90" />
                <rotate axis="z" angle="45" />
            </transformation>
            <materials>
                <material id="inherit" />
            </materials>
            <texture id="inherit"/>
            <children>
                <primitiveref id="Window1" />           
            </children>
        </component>
        <component id="Window1.4">
            <transformation>
                <translate x="2.45" y="0" z="0" />
                <scale x="0.85" y="1" z="1" />
            </transformation>
            <materials>
                <material id="inherit" />
            </materials>
            <texture id="inherit"/>
            <children>   
                <componentref id="Window1" />           
            </children>
        </component>
        <component id="Window1.3">
            <transformation>
                <translate x="2.6" y="0" z="0" />
            </transformation>
            <materials>
                <material id="inherit" />
            </materials>
            <texture id="inherit"/>
            <children>   
                <componentref id="Window1" />           
                <componentref id="Window1.4" />           
            </children>
        </component>
        <component id="Window1.2">
            <transformation>
                <translate x="2.6" y="0" z="0" />
            </transformation>
            <materials>
                <material id="inherit" />
            </materials>
            <texture id="inherit"/>
            <children>
                <componentref id="Window1.3" />     
                <componentref id="Window1" />           
            </children>
        </component>
        <component id="Window1.1">
            <transformation>
                <translate x="2.6" y="0" z="0" />
            </transformation>
            <materials>
                <material id="inherit" />
            </materials>
            <texture id="inherit"/>
            <children>
                <componentref id="Window1.2" />     
                <componentref id="Window1" />           
            </children>
        </component>
        <component id="Window1.0" floor="2">
            <transformation>
            </transformation>
            <materials>
                <material id="inherit" />
            </materials>
            <texture id="woodDark" length_s="0" length_t="0"/>
            <children>
                <componentref id="Window1.1" />     
                <componentref id="Window1" />           
            </children>
        </component>
        <component id="Window2">
            <transformation>
                <translate x="11.6" y="-0.24" z="2.5" />
                <scale x="0.1" y="1" z="3.125" />
                <rotate axis="z" angle="90" />
                <rotate axis="x" angle="90" />
                <rotate axis="z" angle="45" />
            </transformation>
            <materials>
                <material id="inherit" />
            </materials>
            <texture id="inherit"/>
            <children>
                <primitiveref id="Window2" />           
            </children>
        </component>
        <component id="Window2.4">
            <transformation>
                <translate x="0" y="1.65" z="0" />
                <scale x="1" y="1.05" z="1" />
            </transformation>
            <materials>
                <material id="inherit" />
            </materials>
            <texture id="inherit"/>
            <children>   
                <componentref id="Window2" />           
            </children>
        </component>
        <component id="Window2.3">
            <transformation>
                <translate x="0" y="1.6" z="0" />
            </transformation>
            <materials>
                <material id="inherit" />
            </materials>
            <texture id="inherit"/>
            <children>   
                <componentref id="Window2" />           
                <componentref id="Window2.4" />           
            </children>
        </component>
        <component id="Window2.2">
            <transformation>
                <translate x="0" y="1.6" z="0" />
            </transformation>
            <materials>
                <material id="inherit" />
            </materials>
            <texture id="inherit"/>
            <children>
                <componentref id="Window2.3" />     
                <componentref id="Window2" />           
            </children>
        </component>
        <component id="Window2.1">
            <transformation>
                <translate x="0" y="1.6" z="0" />
            </transformation>
            <materials>
                <material id="inherit" />
            </materials>
            <texture id="inherit"/>
            <children>
                <componentref id="Window2.2" />     
                <componentref id="Window2" />           
            </children>
        </component>
        <component id="Window2.0" floor="2">
            <transformation>
            </transformation>
            <materials>
                <material id="inherit" />
            </materials>
            <texture id="inherit"/>
            <children>
                <componentref id="Window2.1" />     
                <componentref id="Window2" />           
            </children>
        </component>
        <component id="Window2.1Set">
            <transformation>
            </transformation>
            <materials>
                <material id="inherit" />
            </materials>
            <texture id="woodDark" length_s="0" length_t="0"/>
            <children>
                <componentref id="Window2.0" />            
            </children>
        </component>
        <component id="Window2.2Set">
            <transformation>
                <translate x="-12.6" y="0" z="0" />
            </transformation>
            <materials>
                <material id="inherit" />
            </materials>
            <texture id="woodDark" length_s="0" length_t="0"/>
            <children>
                <componentref id="Window2.1Set" />            
            </children>
        </component>
        <component id="Window3.1Set" floor="1">
            <transformation>
                <translate x="0" y="13" z="5" />
            </transformation>
            <materials>
                <material id="inherit" />
            </materials>
            <texture id="woodDark" length_s="0" length_t="0"/>
            <children>
                <componentref id="Window2.0" />            
            </children>
        </component>
        <component id="Window3.2Set" floor="1">
            <transformation>
                <translate x="0" y="13" z="5" />
            </transformation>
            <materials>
                <material id="inherit" />
            </materials>
            <texture id="woodDark" length_s="0" length_t="0"/>
            <children>
                <componentref id="Window2.2Set" />            
            </children>
        </component>
        <component id="Window3.3Set" floor="1">
            <transformation>
                <translate x="0" y="-8.01" z="0" />
            </transformation>
            <materials>
                <material id="inherit" />
            </materials>
            <texture id="woodDark" length_s="0" length_t="0"/>
            <children>
                <componentref id="Window3.1Set" />            
            </children>
        </component>
        <component id="Window3.4Set" floor="1">
            <transformation>
                <translate x="0" y="-8.01" z="0" />
            </transformation>
            <materials>
                <material id="inherit" />
            </materials>
            <texture id="woodDark" length_s="0" length_t="0"/>
            <children>
                <componentref id="Window3.2Set" />            
            </children>
        </component>
        <component id="Window3.5Set" floor="1">
            <transformation>
                <translate x="0" y="21" z="5" />
            </transformation>
            <materials>
                <material id="window" />
            </materials>
            <texture id="woodDark" length_s="0" length_t="0"/>
            <children>
                <componentref id="Window1.0" />            
            </children>
        </component>
        <component id="Roof1" floor="1">
            <transformation>
                <translate x="0" y="0" z="5" />
            </transformation>
            <materials>
                <material id="floor" />
                <material id="floor1" />
            </materials>
            <texture id="woodTile" length_s="4.5" length_t="4.5"/>
            <children>
                <primitiveref id="Roof1" /> 
            </children>
        </component>
        <component id="Roof2" floor="1">
            <transformation>
                <translate x="0" y="0" z="5" />
            </transformation>
            <materials>
                <material id="floor" />
                <material id="floor1" />
            </materials>
            <texture id="woodTile" length_s="4.5" length_t="4.5"/>
            <children>
                <primitiveref id="Roof2" />            
            </children>
        </component>
        <component id="RoofGlass" floor="2">
            <transformation>
                <translate x="5.5" y="12.15" z="10" />
                <scale x="1" y="1.26" z="1" />
                <rotate axis="z" angle="45" />
            </transformation>
            <materials>
                <material id="window" />
            </materials>
            <texture id="woodDark" length_s="0" length_t="0"/>
            <children>
                <primitiveref id="RoofGlass" />   
            </children>
        </component>
        
        <!-- BUILDING -->
        <component id="Building">
            <transformation>
            </transformation>
            <materials>
                <material id="defaultMaterial" />
            </materials>
            <texture id="none"/>
            <children>
                <componentref id="RestaurantTiles" /> 
                <componentref id="Window1.0" /> 
                <componentref id="Window2.1Set" /> 
                <componentref id="Window2.2Set" /> 
                <componentref id="Window3.1Set" />
                <componentref id="Window3.2Set" />
                <componentref id="Window3.3Set" />
                <componentref id="Window3.4Set" />
                <componentref id="Window3.5Set" />
                <componentref id="RoofGlass" />
                <componentref id="Wall1" /> 
                <componentref id="Wall2" /> 
                <componentref id="Wall3" /> 
                <componentref id="Roof1" /> 
                <componentref id="Roof2" /> 
            </children>
        </component>
        
        <!-- EXTERIOR COMPONENTS-->
         <component id="SphereMap">
            <transformation>
                <translate  x="0" y="0" z="0" />
                <scale  x="-1" y="1" z="1" />
            </transformation>
            <materials>
                <material id="celestial" />
            </materials>
            <texture id="sphereMap" length_s="2" length_t="2"/>
            <children>
                <primitiveref id="SphereMap" />
            </children>
        </component>
        <component id="Moon">
            <transformation>
                <translate  x="-5" y="60" z="30" />
            </transformation>
            <materials>
                <material id="celestial" />
            </materials>
            <texture id="moon" length_s="0" length_t="0"/>
            <children>
                <primitiveref id="Sun" />
            </children>
        </component>
        <component id="Sun">
            <transformation>
                <translate  x="-5" y="25" z="-10" />
            </transformation>
            <materials>
                <material id="celestial" />
            </materials>
            <texture id="sun" length_s="0" length_t="0"/>
            <children>
                <primitiveref id="Moon" />
            </children>
        </component>
        <component id="Terrain">
            <transformation>
                <translate  x="0" y="0" z="-0.01" />
            </transformation>
            <materials>
                <material id="terrain" />
                <material id="terrain1" />
            </materials>
            <texture id="grass" length_s="1" length_t="1"/>
            <children>
                <primitiveref id="Terrain" />
            </children>
        </component>
        <component id="Road">
            <transformation>
                <translate x="-100" y="-10" z="0" />
            </transformation>
            <materials>
                <material id="terrain" />
            </materials>
            <texture id="road" length_s="5" length_t="3"/>
            <children>
                <primitiveref id="Road" /> 
            </children>
        </component>
        <component id="ParkingLot">
            <transformation>
                <translate x="-3" y="-5" z="0" />
                <rotate axis="z" angle="90" />
            </transformation>
            <materials>
                <material id="terrain" />
            </materials>
            <texture id="parkingLot" length_s="0" length_t="0"/>
            <children>
                <primitiveref id="ParkingLot" /> 
            </children>
        </component>
        <component id="Stone-Path1">
            <transformation>
                <translate x="-3" y="-5" z="0" />
            </transformation>
            <materials>
                <material id="stone-path" />
            </materials>
            <texture id="stonePath" length_s="2" length_t="2"/>
            <children>
                <primitiveref id="Stone-Path" /> 
            </children>
        </component>
        <component id="Stone-Path2">
            <transformation>
                <translate x="15" y="-5" z="0" />
                <rotate axis="z" angle="90" />
            </transformation>
            <materials>
                <material id="stone-path" />
            </materials>
            <texture id="stonePath" length_s="2" length_t="2"/>
            <children>
                <primitiveref id="Stone-Path" /> 
            </children>
        </component>
        <component id="Stone-Path3">
            <transformation>
                <translate x="15" y="10" z="0.001" />
                <scale x="1" y="1.5" z="1" />
                <rotate axis="z" angle="90" />
            </transformation>
            <materials>
                <material id="stone-path" />
            </materials>
            <texture id="stonePath" length_s="2" length_t="2"/>
            <children>
                <primitiveref id="Stone-Path3" /> 
            </children>
        </component>
        <component id="LightCone">
            <transformation>
                <translate x="0" y="0" z="4.6" />
                <rotate axis="z" angle="0" />
            </transformation>
            <materials>
                <material id="lampStick" />
            </materials>
            <texture id="inherit"/>
            <children>
                <primitiveref id="LightCone" /> 
            </children>
        </component>
        <component id="LightShield">
            <transformation>
                <translate x="0.01" y="0.01" z="0" />
            </transformation>
            <materials>
                <material id="inherit" />
            </materials>
            <texture id="inherit"/>
            <children>
                <primitiveref id="LightShield" /> 
            </children>
        </component>
        <component id="LightShield1">
            <transformation>
                <translate x="0.42" y="0" z="0" />
            </transformation>
            <materials>
                <material id="inherit" />
            </materials>
            <texture id="inherit"/>
            <children>
                <componentref id="LightShield" /> 
            </children>
        </component>
        <component id="LightShield0">
            <transformation>
                <translate x="0" y="0.42" z="0" />
            </transformation>
            <materials>
                <material id="inherit" />
            </materials>
            <texture id="inherit"/>
            <children>
                <componentref id="LightShield1" /> 
                <componentref id="LightShield" />
            </children>
        </component>
        <component id="LightShieldSet">
            <transformation>
                <rotate axis="z" angle="45" />
                <translate x="-0.22" y="-0.22" z="4" />
            </transformation>
            <materials>
                <material id="inherit" />
            </materials>
            <texture id="darkCement" length_s="0" length_t="0"/>
            <children>
                <componentref id="LightShield0" /> 
                <componentref id="LightShield1" /> 
                <componentref id="LightShield" />
            </children>
        </component>
        <component id="LightPost">
            <transformation>
            </transformation>
            <materials>
                <material id="lampStick" />
            </materials>
            <texture id="inherit"/>
            <children>
                <primitiveref id="LightPost" /> 
            </children>
        </component>
        <component id="LightBase">
            <transformation>
                <rotate axis="z" angle="45" />
                <translate x="-0.25" y="-0.25" z="4" />
            </transformation>
            <materials>
                <material id="inherit" />
            </materials>
            <texture id="darkCement" length_s="0" length_t="0"/>
            <children>
                <primitiveref id="LightBase" /> 
            </children>
        </component>
        <component id="LightBaseTop">
            <transformation>
                <translate x="0" y="0" z="0.6" />
            </transformation>
            <materials>
                <material id="inherit" />
            </materials>
            <texture id="darkCement" length_s="0" length_t="0"/>
            <children>
                <componentref id="LightBase" /> 
            </children>
        </component>
        <component id="LightBulb">
            <transformation>
                <translate x="0" y="0" z="4.2" />
            </transformation>
            <materials>
                <material id="inherit" />
            </materials>
            <texture id="bulbTexture" length_s="0" length_t="0"/>
            <children>
                <primitiveref id="LightBulb" /> 
            </children>
        </component>
        <component id="LightPostSet">
            <transformation>
                <translate x="-14" y="-12" z="0" />
            </transformation>
            <materials>
                <material id="inherit" />
            </materials>
            <texture id="inherit"/>
            <children>
                <componentref id="LightCone" /> 
                <componentref id="LightBase" />
                <componentref id="LightBaseTop" />
                <componentref id="LightShieldSet" /> 
                <componentref id="LightPost" /> 
                <componentref id="LightBulb" />
            </children>
        </component>
        <component id="LightPostSet4">
            <transformation>
                <translate x="4" y="0" z="0" />
            </transformation>
            <materials>
                <material id="inherit" />
            </materials>
            <texture id="inherit"/>
            <children>
                <componentref id="LightPostSet" /> 
            </children>
        </component>
        <component id="LightPostSet3">
            <transformation>
                <translate x="4" y="0" z="0" />
            </transformation>
            <materials>
                <material id="inherit" />
            </materials>
            <texture id="inherit"/>
            <children>
                <componentref id="LightPostSet" /> 
                <componentref id="LightPostSet4" /> 
            </children>
        </component>
        <component id="LightPostSet2">
            <transformation>
                <translate x="4" y="0" z="0" />
            </transformation>
            <materials>
                <material id="inherit" />
            </materials>
            <texture id="inherit"/>
            <children>
                <componentref id="LightPostSet" /> 
                <componentref id="LightPostSet3" /> 
            </children>
        </component>
        <component id="LightPostSet1">
            <transformation>
                <translate x="4" y="0" z="0" />
            </transformation>
            <materials>
                <material id="inherit" />
            </materials>
            <texture id="inherit"/>
            <children>
                <componentref id="LightPostSet" /> 
                <componentref id="LightPostSet2" /> 
            </children>
        </component>
        <component id="LightPostSet0">
            <transformation>
            </transformation>
            <materials>
                <material id="lamp" />
            </materials>
            <texture id="woodDark" length_s="0" length_t="0"/>
            <children>
                <componentref id="LightPostSet" /> 
                <componentref id="LightPostSet1" /> 
            </children>
        </component>
        
        <!-- EXTERIOR -->
        <component id="Exterior">
            <transformation>
            </transformation>
            <materials>
                <material id="defaultMaterial" />
            </materials>
            <texture id="none"/>
            <children>
                <componentref id="SphereMap" /> 
                <componentref id="Sun" /> 
                <componentref id="Moon" /> 
                <componentref id="Terrain" /> 
                <componentref id="Road" /> 
                <componentref id="ParkingLot" /> 
                <componentref id="Stone-Path1" /> 
                <componentref id="Stone-Path2" /> 
                <componentref id="Stone-Path3" /> 
                <componentref id="LightPostSet0" />
            </children>
        </component>

        <!-- ROOT -->
        <component id="Restaurant">
            <transformation>
                <rotate angle="-90" axis="x" />
            </transformation>
            <materials>
                <material id="defaultMaterial" />
            </materials>
            <texture id="none"/>
            <children>

                <!-- TABLE SET -->
                <componentref id="TableSetRow0" />
                <!-- BAR -->
                <componentref id="BarCounter8" />
                <componentref id="BarChair8" />
                <!-- RESTAURANT ACCESSORIES-->
                <componentref id="Lamp0" /> 
                <componentref id="Stair" />
                <componentref id="Door" /> 
                <componentref id="Balcony" /> 
                <!-- BUILDING -->
                <componentref id="Building" />
                <!-- EXTERIOR -->
                <componentref id="Exterior" />

            </children>
        </component>    
    </components>
</lxs>